{
  "accuracy": 0.5,
  "loss": 2.004073143005371,
  "confusion_matrix": [
    [
      1,
      0,
      0
    ],
    [
      0,
      0,
      0
    ],
    [
      0,
      1,
      0
    ]
  ],
  "classification_report": {
    "0": {
      "precision": 1.0,
      "recall": 1.0,
      "f1-score": 1.0,
      "support": 1.0
    },
    "1": {
      "precision": 0.0,
      "recall": 0.0,
      "f1-score": 0.0,
      "support": 0.0
    },
    "2": {
      "precision": 0.0,
      "recall": 0.0,
      "f1-score": 0.0,
      "support": 1.0
    },
    "accuracy": 0.5,
    "macro avg": {
      "precision": 0.3333333333333333,
      "recall": 0.3333333333333333,
      "f1-score": 0.3333333333333333,
      "support": 2.0
    },
    "weighted avg": {
      "precision": 0.5,
      "recall": 0.5,
      "f1-score": 0.5,
      "support": 2.0
    }
  },
  "roc_curves": {
    "fpr": {
      "0": [
        0.0,
        0.0,
        1.0
      ],
      "1": [
        0.0,
        0.5,
        1.0
      ],
      "2": [
        0.0,
        0.0,
        1.0
      ],
      "micro": [
        0.0,
        0.25,
        0.25,
        0.5,
        0.5,
        1.0
      ]
    },
    "tpr": {
      "0": [
        0.0,
        1.0,
        1.0
      ],
      "1": [
        NaN,
        NaN,
        NaN
      ],
      "2": [
        0.0,
        1.0,
        1.0
      ],
      "micro": [
        0.0,
        0.0,
        0.5,
        0.5,
        1.0,
        1.0
      ]
    },
    "auc": {
      "0": 1.0,
      "1": NaN,
      "2": 1.0,
      "micro": 0.625
    }
  },
  "labels": [
    "A",
    "B",
    "C"
  ],
  "training_history": {
    "accuracy": [
      0.5,
      0.5,
      0.8333333134651184,
      0.8333333134651184,
      0.8333333134651184,
      1.0,
      1.0,
      1.0,
      1.0,
      1.0,
      1.0,
      1.0,
      1.0,
      1.0,
      1.0,
      1.0,
      1.0,
      1.0,
      1.0,
      1.0,
      1.0,
      1.0,
      1.0,
      1.0,
      1.0,
      1.0,
      1.0,
      1.0,
      1.0,
      1.0,
      1.0,
      1.0,
      1.0,
      1.0,
      1.0,
      1.0,
      1.0,
      1.0,
      1.0,
      1.0,
      1.0,
      1.0,
      1.0,
      1.0,
      1.0,
      1.0,
      1.0,
      1.0,
      1.0,
      1.0
    ],
    "val_accuracy": [
      0.0,
      0.0,
      1.0,
      1.0,
      1.0,
      1.0,
      1.0,
      1.0,
      1.0,
      1.0,
      1.0,
      1.0,
      1.0,
      1.0,
      1.0,
      1.0,
      1.0,
      1.0,
      1.0,
      1.0,
      1.0,
      1.0,
      1.0,
      1.0,
      1.0,
      1.0,
      1.0,
      1.0,
      1.0,
      1.0,
      1.0,
      0.0,
      0.0,
      0.0,
      0.0,
      0.0,
      0.0,
      0.0,
      0.0,
      0.0,
      0.0,
      0.0,
      0.0,
      0.0,
      0.0,
      0.0,
      0.0,
      0.0,
      0.0,
      0.0
    ],
    "loss": [
      1.053139090538025,
      0.9687128067016602,
      0.8979037404060364,
      0.8366355299949646,
      0.7807466983795166,
      0.7264583706855774,
      0.6768490672111511,
      0.6301922798156738,
      0.5855855345726013,
      0.5439456105232239,
      0.5049724578857422,
      0.4678077697753906,
      0.43218210339546204,
      0.3975554406642914,
      0.36394771933555603,
      0.331884503364563,
      0.301684707403183,
      0.272612065076828,
      0.24477775394916534,
      0.21835994720458984,
      0.1935807317495346,
      0.17032648622989655,
      0.14863966405391693,
      0.12924863398075104,
      0.11165592074394226,
      0.09609361737966537,
      0.08240561932325363,
      0.07036909461021423,
      0.05990106984972954,
      0.05080998316407204,
      0.043015867471694946,
      0.03639780357480049,
      0.03077143244445324,
      0.025984616950154305,
      0.021949848160147667,
      0.018565524369478226,
      0.015729408711194992,
      0.013374092988669872,
      0.011421460658311844,
      0.009805041365325451,
      0.008467813022434711,
      0.00736220320686698,
      0.006443846505135298,
      0.005672480911016464,
      0.005025005433708429,
      0.004477514419704676,
      0.004012560471892357,
      0.0036171518731862307,
      0.0032786966767162085,
      0.002988621825352311
    ],
    "val_loss": [
      1.0880953073501587,
      1.0250295400619507,
      0.9700196385383606,
      0.9376128315925598,
      0.9048539400100708,
      0.8701296448707581,
      0.8395950794219971,
      0.8090925812721252,
      0.7799147367477417,
      0.7524911761283875,
      0.7319409251213074,
      0.7164999842643738,
      0.7080227136611938,
      0.7005228400230408,
      0.6939781904220581,
      0.6832104325294495,
      0.668442964553833,
      0.654718816280365,
      0.6418224573135376,
      0.6277907490730286,
      0.6145346760749817,
      0.6046582460403442,
      0.597122073173523,
      0.5975539088249207,
      0.6061019897460938,
      0.6158820390701294,
      0.6304886937141418,
      0.645762026309967,
      0.6606688499450684,
      0.6762287616729736,
      0.6946678757667542,
      0.7162922620773315,
      0.7379600405693054,
      0.7586931586265564,
      0.7781502604484558,
      0.7955935597419739,
      0.8124356865882874,
      0.8268821239471436,
      0.838367223739624,
      0.848843514919281,
      0.8597483038902283,
      0.8709985613822937,
      0.883951723575592,
      0.8967996835708618,
      0.9110007882118225,
      0.9248283505439758,
      0.9389558434486389,
      0.9532082080841064,
      0.9703651666641235,
      0.9878749847412109
    ]
  }
}