{
  "status": "success",
  "accuracy": 0.9754781755762629,
  "labels_found": [
    "F",
    "H",
    "A",
    "B",
    "C",
    "G",
    "E",
    "Rest",
    "D"
  ],
  "total_samples": 20388,
  "test_samples": 2039,
  "confusion_matrix": [
    [
      207,
      0,
      0,
      1,
      0,
      0,
      0,
      0,
      0
    ],
    [
      0,
      175,
      0,
      3,
      0,
      0,
      0,
      0,
      16
    ],
    [
      0,
      0,
      258,
      0,
      0,
      0,
      0,
      0,
      3
    ],
    [
      1,
      0,
      1,
      203,
      0,
      0,
      1,
      0,
      1
    ],
    [
      0,
      0,
      0,
      0,
      209,
      2,
      0,
      0,
      0
    ],
    [
      0,
      0,
      0,
      0,
      1,
      229,
      0,
      0,
      0
    ],
    [
      0,
      0,
      0,
      1,
      0,
      0,
      200,
      0,
      1
    ],
    [
      0,
      0,
      0,
      0,
      0,
      0,
      2,
      301,
      2
    ],
    [
      1,
      2,
      2,
      3,
      0,
      0,
      0,
      6,
      207
    ]
  ],
  "classification_report": {
    "A": {
      "precision": 0.9904306220095693,
      "recall": 0.9951923076923077,
      "f1-score": 0.9928057553956835,
      "support": 208.0
    },
    "B": {
      "precision": 0.9887005649717514,
      "recall": 0.9020618556701031,
      "f1-score": 0.9433962264150944,
      "support": 194.0
    },
    "C": {
      "precision": 0.9885057471264368,
      "recall": 0.9885057471264368,
      "f1-score": 0.9885057471264368,
      "support": 261.0
    },
    "D": {
      "precision": 0.9620853080568721,
      "recall": 0.9806763285024155,
      "f1-score": 0.9712918660287081,
      "support": 207.0
    },
    "E": {
      "precision": 0.9952380952380953,
      "recall": 0.990521327014218,
      "f1-score": 0.9928741092636579,
      "support": 211.0
    },
    "F": {
      "precision": 0.9913419913419913,
      "recall": 0.9956521739130435,
      "f1-score": 0.9934924078091106,
      "support": 230.0
    },
    "G": {
      "precision": 0.9852216748768473,
      "recall": 0.9900990099009901,
      "f1-score": 0.9876543209876543,
      "support": 202.0
    },
    "H": {
      "precision": 0.9804560260586319,
      "recall": 0.9868852459016394,
      "f1-score": 0.9836601307189542,
      "support": 305.0
    },
    "Rest": {
      "precision": 0.9,
      "recall": 0.9366515837104072,
      "f1-score": 0.917960088691796,
      "support": 221.0
    },
    "accuracy": 0.9754781755762629,
    "macro avg": {
      "precision": 0.975775558853355,
      "recall": 0.9740272866035069,
      "f1-score": 0.9746267391596773,
      "support": 2039.0
    },
    "weighted avg": {
      "precision": 0.9759327612198061,
      "recall": 0.9754781755762629,
      "f1-score": 0.975464082626373,
      "support": 2039.0
    }
  },
  "label_distribution": {
    "H": 3054,
    "C": 2611,
    "F": 2295,
    "Rest": 2211,
    "E": 2110,
    "A": 2079,
    "D": 2068,
    "G": 2017,
    "B": 1943
  },
  "feature_count": 11,
  "timestamp": "2025-08-25T21:19:57.694437"
}