{
  "status": "success",
  "accuracy": 0.9958847736625515,
  "labels_found": [
    "Rest",
    "Hello"
  ],
  "total_samples": 2428,
  "test_samples": 243,
  "confusion_matrix": [
    [
      128,
      0
    ],
    [
      1,
      114
    ]
  ],
  "classification_report": {
    "Hello": {
      "precision": 0.9922480620155039,
      "recall": 1.0,
      "f1-score": 0.9961089494163424,
      "support": 128.0
    },
    "Rest": {
      "precision": 1.0,
      "recall": 0.991304347826087,
      "f1-score": 0.9956331877729258,
      "support": 115.0
    },
    "accuracy": 0.9958847736625515,
    "macro avg": {
      "precision": 0.9961240310077519,
      "recall": 0.9956521739130435,
      "f1-score": 0.9958710685946341,
      "support": 243.0
    },
    "weighted avg": {
      "precision": 0.9959166746419115,
      "recall": 0.9958847736625515,
      "f1-score": 0.9958837947291288,
      "support": 243.0
    }
  },
  "label_distribution": {
    "Hello": 1282,
    "Rest": 1146
  },
  "feature_count": 11,
  "timestamp": "2025-09-03T00:53:07.701211"
}